-- MySQL dump 10.13  Distrib 5.5.24, for Win32 (x86)
--
-- Host: localhost    Database: infinitelines03
-- ------------------------------------------------------
-- Server version	5.5.24-log

/*!40101 SET @OLD_CHARACTER_SET_CLIENT=@@CHARACTER_SET_CLIENT */;
/*!40101 SET @OLD_CHARACTER_SET_RESULTS=@@CHARACTER_SET_RESULTS */;
/*!40101 SET @OLD_COLLATION_CONNECTION=@@COLLATION_CONNECTION */;
/*!40101 SET NAMES utf8 */;
/*!40103 SET @OLD_TIME_ZONE=@@TIME_ZONE */;
/*!40103 SET TIME_ZONE='+00:00' */;
/*!40014 SET @OLD_UNIQUE_CHECKS=@@UNIQUE_CHECKS, UNIQUE_CHECKS=0 */;
/*!40014 SET @OLD_FOREIGN_KEY_CHECKS=@@FOREIGN_KEY_CHECKS, FOREIGN_KEY_CHECKS=0 */;
/*!40101 SET @OLD_SQL_MODE=@@SQL_MODE, SQL_MODE='NO_AUTO_VALUE_ON_ZERO' */;
/*!40111 SET @OLD_SQL_NOTES=@@SQL_NOTES, SQL_NOTES=0 */;

--
-- Table structure for table `cheque`
--

DROP TABLE IF EXISTS `cheque`;
/*!40101 SET @saved_cs_client     = @@character_set_client */;
/*!40101 SET character_set_client = utf8 */;
CREATE TABLE `cheque` (
  `no_cheque` int(5) NOT NULL AUTO_INCREMENT,
  `solicitud_cheque` char(1) DEFAULT NULL,
  `poliza` char(1) DEFAULT NULL,
  `id_pago` int(5) NOT NULL,
  PRIMARY KEY (`no_cheque`),
  KEY `id_pago` (`id_pago`),
  CONSTRAINT `cheque_ibfk_1` FOREIGN KEY (`id_pago`) REFERENCES `pago` (`id_pago`)
) ENGINE=InnoDB AUTO_INCREMENT=739 DEFAULT CHARSET=utf8;
/*!40101 SET character_set_client = @saved_cs_client */;

--
-- Dumping data for table `cheque`
--

LOCK TABLES `cheque` WRITE;
/*!40000 ALTER TABLE `cheque` DISABLE KEYS */;
INSERT INTO `cheque` VALUES (737,'X','X',22),(738,'X','X',23);
/*!40000 ALTER TABLE `cheque` ENABLE KEYS */;
UNLOCK TABLES;

--
-- Table structure for table `factura`
--

DROP TABLE IF EXISTS `factura`;
/*!40101 SET @saved_cs_client     = @@character_set_client */;
/*!40101 SET character_set_client = utf8 */;
CREATE TABLE `factura` (
  `no_factura` varchar(50) NOT NULL,
  `fecha` date NOT NULL,
  `quincena` char(7) NOT NULL,
  `estado` char(9) NOT NULL,
  `id_pago` int(5) NOT NULL,
  PRIMARY KEY (`no_factura`),
  KEY `id_pago` (`id_pago`),
  CONSTRAINT `factura_ibfk_1` FOREIGN KEY (`id_pago`) REFERENCES `pago` (`id_pago`)
) ENGINE=InnoDB DEFAULT CHARSET=utf8;
/*!40101 SET character_set_client = @saved_cs_client */;

--
-- Dumping data for table `factura`
--

LOCK TABLES `factura` WRITE;
/*!40000 ALTER TABLE `factura` DISABLE KEYS */;
INSERT INTO `factura` VALUES ('134451','2017-03-07','PRIMERA','EN ESPERA',19),('134520','2017-03-07','PRIMERA','EN ESPERA',18),('3901894','2017-03-07','PRIMERA','EN ESPERA',6),('461','2017-03-07','PRIMERA','EN ESPERA',2),('488','2017-03-07','PRIMERA','EN ESPERA',21),('5594','2017-03-07','PRIMERA','EN ESPERA',4),('5595','2017-03-07','PRIMERA','EN ESPERA',3),('7302','2017-03-07','PRIMERA','EN ESPERA',24),('81','2017-03-07','PRIMERA','EN ESPERA',1),('A0090024416','2017-03-07','PRIMERA','EN ESPERA',11),('A0090024417','2017-03-07','PRIMERA','EN ESPERA',20),('AD0090024338','2017-03-07','PRIMERA','EN ESPERA',5),('AD0090024419','2017-03-07','PRIMERA','EN ESPERA',7),('AD0090024420','2017-03-07','PRIMERA','EN ESPERA',14),('AD0090024421','2017-03-07','PRIMERA','EN ESPERA',8),('AD0090024422','2017-03-07','PRIMERA','EN ESPERA',9),('AD0090024423','2017-03-07','PRIMERA','EN ESPERA',10),('AD0090024424','2017-03-07','PRIMERA','EN ESPERA',16),('AD0090024425','2017-03-07','PRIMERA','EN ESPERA',15),('AD0090024426','2017-03-07','PRIMERA','EN ESPERA',17),('AD0090024464','2017-03-07','PRIMERA','EN ESPERA',12),('AD0090024465','2017-03-07','PRIMERA','EN ESPERA',13),('AD0090024512','2017-03-07','PRIMERA','EN ESPERA',25),('FAC-0000191577','2017-03-07','PRIMERA','EN ESPERA',22),('FAC-0000191578','2017-03-07','PRIMERA','EN ESPERA',23);
/*!40000 ALTER TABLE `factura` ENABLE KEYS */;
UNLOCK TABLES;

--
-- Table structure for table `pago`
--

DROP TABLE IF EXISTS `pago`;
/*!40101 SET @saved_cs_client     = @@character_set_client */;
/*!40101 SET character_set_client = utf8 */;
CREATE TABLE `pago` (
  `id_pago` int(5) NOT NULL AUTO_INCREMENT,
  `cheque` char(1) DEFAULT NULL,
  `id_servicio` int(5) NOT NULL,
  PRIMARY KEY (`id_pago`),
  KEY `id_servicio` (`id_servicio`),
  CONSTRAINT `pago_ibfk_1` FOREIGN KEY (`id_servicio`) REFERENCES `servicio` (`id_servicio`)
) ENGINE=InnoDB AUTO_INCREMENT=26 DEFAULT CHARSET=utf8;
/*!40101 SET character_set_client = @saved_cs_client */;

--
-- Dumping data for table `pago`
--

LOCK TABLES `pago` WRITE;
/*!40000 ALTER TABLE `pago` DISABLE KEYS */;
INSERT INTO `pago` VALUES (1,'',1),(2,'',2),(3,'',3),(4,'',4),(5,'',5),(6,'',6),(7,'',7),(8,'',8),(9,'',9),(10,'',10),(11,'',11),(12,'',12),(13,'',13),(14,'',14),(15,'',15),(16,'',16),(17,'',17),(18,'',18),(19,'',19),(20,'',20),(21,'',21),(22,'X',22),(23,'X',23),(24,'',24),(25,'',25);
/*!40000 ALTER TABLE `pago` ENABLE KEYS */;
UNLOCK TABLES;

--
-- Table structure for table `servicio`
--

DROP TABLE IF EXISTS `servicio`;
/*!40101 SET @saved_cs_client     = @@character_set_client */;
/*!40101 SET character_set_client = utf8 */;
CREATE TABLE `servicio` (
  `id_servicio` int(5) NOT NULL AUTO_INCREMENT,
  `proveedor` varchar(100) NOT NULL,
  `concepto` varchar(100) NOT NULL,
  `importe_num` float(8,2) NOT NULL,
  `importe_letra` varchar(100) NOT NULL,
  PRIMARY KEY (`id_servicio`)
) ENGINE=InnoDB AUTO_INCREMENT=26 DEFAULT CHARSET=utf8;
/*!40101 SET character_set_client = @saved_cs_client */;

--
-- Dumping data for table `servicio`
--

LOCK TABLES `servicio` WRITE;
/*!40000 ALTER TABLE `servicio` DISABLE KEYS */;
INSERT INTO `servicio` VALUES (1,'MIGUEL ÁNGEL LÓPEZ MARTÍNEZ','PIPAS DE AGUA PARA BAÑOS PARTIDO CRUZ AZUL VS CAFETALEROS',4905.00,'CUATRO MIL NOVECIENTOS CINCO PESOS 00/100 M.N.'),(2,'SANSPOWER S.A. DE C.V.','RENTA PLANTAS DE LUZ CRUZ AZUL VS MONTERREY',47850.00,'CUARENTA Y SIETE MIL OCHOCIENTOS CINCUENTA PESOS 00/100 M.N.'),(3,'OPERADORA CENTRAL DE ESTACIONAMIENTOS SAPI DE C.V.','SERVICIO VALET PARKING CRUZ AZUL VS CAFETALEROS Y MONTERREY',9187.20,'NUEVE MIL CIENTO OCHENTA Y SIETE PESOS 20/100 M.N.'),(4,'OPERADORA CENTRAL DE ESTACIONAMIENTOS SAPI DE C.V.','SERVICIO VALET PARKING CRUZ AZUL VS CAFETALEROS Y MONTERREY',9187.20,'NUEVE MIL CIENTO OCHENTA Y SIETE PESOS 20/100 M.N.'),(5,'OPERADORA DE CENTROS DE ESPECTÁCULOS S.A. DE C.V.','SERVICIO A PALCOS CRUZ AZUL VS QUERÉTARO',10971.89,'DIEZ MIL NOVECIENTOS SETENTA Y UN PESOS 89/100 M.N.'),(6,'CIA. OPERADORA DE ESTACIONAMIENTOS MEXICANOS S.A. DE C.V.','ESTACIONAMIENTO CRUZ AZUL VS ATLANTE, QUERÉTARO, CAFETALEROS, MONTERREY',28980.00,'VEINTIOCHO MIL NOVECIENTOS OCHENTA PESOS 00/100 M.N.'),(7,'OPERADORA DE CENTROS DE ESPECTÁCULOS S.A. DE C.V.','SERVICIO OPERADORES DE AUDIO CRUZ AZUL VS CAFETALEROS',16350.25,'DIECISÉIS MIL TRESCIENTOS CINCUENTA PESOS 25/100 M.N.'),(8,'OPERADORA DE CENTROS DE ESPECTÁCULOS S.A. DE C.V.','ANFITRIONES CRUZ AZUL VS CAFETALEROS',22467.10,'VEINTIDÓS MIL CUATROCIENTOS SESENTA Y SIETE PESOS 10/100 M.N.'),(9,'OPERADORA DE CENTROS DE ESPECTÁCULOS S.A. DE C.V.','TAQUILLEROS CRUZ AZUL VS CAFETALEROS',13450.25,'TRECE MIL CUATROCIENTOS CINCUENTA PESOS 25/100 M.N.'),(10,'OPERADORA DE CENTROS DE ESPECTÁCULOS S.A. DE C.V.','BOLETEROS CRUZ AZUL VS CAFETALEROS',25390.42,'VEINTICINCO MIL TRESCIENTOS NOVENTA PESOS 42/100 M.N.'),(11,'SERVICIOS DE PROTECCIÓN PRIVADA LOBO S.A. DE C.V.','SERVICIO DE SEGURIDAD PRIVADA CRUZ AZUL VS CAFETALEROS',102312.00,'CIENTO DOS MIL TRESCIENTOS DOCE PESOS 00/100 M.N.'),(12,'OPERADORA DE CENTROS DE ESPECTÁCULOS S.A. DE C.V.','SERVICIO DE ACOMODADORES CRUZ AZUL VS MONTERREY',15747.03,'CIENTO CINCUENTA Y SIETE MIL OCHOCIENTOS CUARENTA Y SIETE PESOS 03/100 M.N.'),(13,'OPERADORA DE CENTROS DE ESPECTÁCULOS S.A. DE C.V.','A Y B. CRUZ AZUL VS MONTERREY',15747.03,'CIENTO CINCUENTA Y SIETE MIL OCHOCIENTOS CUARENTA Y SIETE PESOS 03/100 M.N.'),(14,'OPERADORA DE CENTROS DE ESPECTÁCULOS S.A. DE C.V.','¡OPERADORES DE AUDIO CRUZ AZUL VS MONTERREY',15747.03,'CIENTO CINCUENTA Y SIETE MIL OCHOCIENTOS CUARENTA Y SIETE PESOS 03/100 M.N.'),(15,'OPERADORA DE CENTROS DE ESPECTÁCULOS S.A. DE C.V.','BOLETEROS CRUZ AZUL VS MONTERREY',15747.03,'CIENTO CINCUENTA Y SIETE MIL OCHOCIENTOS CUARENTA Y SIETE PESOS 03/100 M.N.'),(16,'OPERADORA DE CENTROS DE ESPECTÁCULOS S.A. DE C.V.','ANFITRIONES CRUZ AZUL VS MONTERREY',15747.03,'CIENTO CINCUENTA Y SIETE MIL OCHOCIENTOS CUARENTA Y SIETE PESOS 03/100 M.N.'),(17,'OPERADORA DE CENTROS DE ESPECTÁCULOS S.A. DE C.V.','TAQUILLEROS CRUZ AZUL VS MONTERREY',15747.03,'CIENTO CINCUENTA Y SIETE MIL OCHOCIENTOS CUARENTA Y SIETE PESOS 03/100 M.N.'),(18,'GOBIERNO DEL DISTRITO FEDERAL','SERVICIO DE SEGURIDAD Y VIGILANCIA CRUZ AZUL VS MONTERREY',340870.69,'TRESCIENTOS CUARENTA MIL OCHOCIENTOS SETENTA PESOS 70/100 M.N.'),(19,'GOBIERNO DEL DISTRITO FEDERAL','SERVICIO DE SEGURIDAD Y VIGILANCIA CRUZ AZUL VS CAFETALEROS',255793.41,'DOSCIENTOS CINCUENTA Y CINCO MIL SETECIENTOS NOVENTA Y TRES PESOS 40/100 M.N.'),(20,'SERVICIOS DE PROTECCIÓN PRIVADA LOBO S.A. DE C.V.','SERVICIO DE PROTECCIÓN PRIVADA CRUZ AZUL VS MONTERREY',121800.00,'CIENTO VEINTIUN MIL OCHOCIENTOS PESOS 00/100 M.N.'),(21,'LIBERTAD SATÉLITE S.A. DE C.V.','PARTICIPACIÓN VENTA DE ABONO FREEDOM TEMPORADA CLAUSURA 2016',69900.00,'SESENTA Y NUEVE MIL NOVECIENTOS PESOS 00/100 M.N.'),(22,'DISTRIBUIDORA DE HIELO S.A. DE C.V.','COMPRA DE HIELO PARA PARTIDOS Y ENTRENAMIENTO',1760.00,'UN MIL SETECIENTOS SESENTA PESOS 00/100 M.N.'),(23,'DISTRIBUIDORA DE HIELO S.A. DE C.V.','COMPRA DE HIELO PARA PARTIDOS Y ENTRENAMIENTO',1760.00,'UN MIL SETECIENTOS SESENTA PESOS 00/100 M.N.'),(24,'MARDE ECOLOGY S.A DE C.V.','CONTENEDOR DE BASURA MES DE FEBRERO',10936.48,'DIEZ MIL NOVECIENTOS TREINTA Y SEIS PESOS 48/100 M.N.'),(25,'OPERADORA DE CENTROS DE ESPECTÁCULOS S.A. DE C.V.','SERVICIO A PALCOS CRUZ AZUL VS MONTERREY',11425.78,'ONCE MIL CUATROCIENTOS VEINTICINCO 78/100 M.N.');
/*!40000 ALTER TABLE `servicio` ENABLE KEYS */;
UNLOCK TABLES;
/*!40103 SET TIME_ZONE=@OLD_TIME_ZONE */;

/*!40101 SET SQL_MODE=@OLD_SQL_MODE */;
/*!40014 SET FOREIGN_KEY_CHECKS=@OLD_FOREIGN_KEY_CHECKS */;
/*!40014 SET UNIQUE_CHECKS=@OLD_UNIQUE_CHECKS */;
/*!40101 SET CHARACTER_SET_CLIENT=@OLD_CHARACTER_SET_CLIENT */;
/*!40101 SET CHARACTER_SET_RESULTS=@OLD_CHARACTER_SET_RESULTS */;
/*!40101 SET COLLATION_CONNECTION=@OLD_COLLATION_CONNECTION */;
/*!40111 SET SQL_NOTES=@OLD_SQL_NOTES */;

-- Dump completed on 2017-03-19 18:12:22
